"","Acrit","Presence","above.Acrit","dominance","alpha.below","alpha.above","delta.alpha","perc.delta.alpha","gamma.below","gamma.above","delta.gamma.c","delta.gamma.P","delta.beta.z","delta.beta.P"
"Achillea_millefolium",2,166,120,0,4.12,2.36,-1.76,-42.6,70,92,-9.89,0.1745,0.104070030066061,0.451
"Holcus_lanatus",3,502,341,3,5.31,5.04,-0.27,-5.1,183,188,-38.15,0.032,3.97758734888299,0.001
"Lolium_perenne",3,521,352,23,5.57,3.86,-1.71,-30.7,141,152,-30.63,0.0105,-0.684781912554203,0.256
"Trifolium_repens",3,520,429,0,7.14,4.43,-2.71,-37.9,155,200,-56.97,0.0025,1.88998642323085,0.029
"Cynosurus_cristatus",4,439,125,3,5.46,3.66,-1.8,-32.9,189,94,-48.62,0.0015,-9.35276319734413,0.001
"Dactylis_glomerata",4,506,75,11,5.53,3.17,-2.36,-42.7,218,83,-27.76,0.0345,-2.71685003061484,0.011
"Trifolium_striatum",4,182,21,0,5.67,3.78,-1.89,-33.3,112,31,-17.96,0.028,-4.18701996341374,0.001
"Anthoxanthum_odoratum",6,494,9,9,5.55,2,-3.55,-64,240,12,-27.56,5e-04,-4.36471132721824,0.003
